INSTANCE_ID, num_nodes, cost_matrix_avg, cost_matrix_std, cost_matrix_skew, mst_length, mst_length_avg, mst_length_std, mst_length_skew, mst_degree_avg, mst_degree_std, mst_degree_skew, cluster_distance_avg, cluster_distance_std, cluster_distance_skew, tour_const_heu_avg, tour_const_std, tour_const_skew, ls_impov_per_step_avg, ls_impov_per_step_std, ls_impov_per_step_skew, ls_steps_2lm_avg, ls_steps_2lm_std, ls_steps_2lm_skew, ls_maxdist_avg, ls_maxdist_std, ls_maxdist_skew, ls_bestsol_avg, ls_bestsol_std, ls_bestsol_skew, ls_backbone_avg, ls_backbone_std, ls_backbone_skew, bc_improv_per_cut_avg, bc_improv_per_cut_std, bc_improv_per_cut_skew, bc_upper_lower_ratio, bc_no1s_min, bc_no1s_q25, bc_no1s_q50, bc_no1s_q75, bc_no1s_max, bc_p1s, bc_pn1s, acc, stdTime, mstTime, clusterTime, lpTime, bcTime, acfTime, s, cx, cy, radius, D1fraction, D2fraction, D3fraction, D4fraction, area, sdnNNd, coeffvarnNNd, clusterratio, outlierratio, varCitiesperCluster
/ubc/cs/research/arrow-raid1/projects/TSP_Data/INSTANCE/TSPLIB/STSP/a280.tsp,280,121.8168388,0.514076482,2.972742182,0.07149395,0.0717502,0.221105735,0.47225974,1.992857143,0.354802503,3.192917712,0.116934933,0.153471102,-0.596855014,0.092297526,0.029410614,1.027305306,0.014893278,0.019735382,0.5936293,0.106964286,0.055125957,1.39154341,0.2,0.029944677,5.519017039,21.17112893,6.18E-07,-1.80E-08,0.838323353,0.251994802,-0.776983074,0.004946403,0.718268997,1.863031519,0.001291489,0.333333,0.333333,0.666667,0.666667,0.666667,0.957142857,0.085714286,130.7884061,0.01,0.01,0.14,8.44,0.52,0.43,100.799893,372.6,345.352941,328.548323,0.053081,0.068771,0.069625,0.069687,160000,0.112146,0.155173,0.022099,0.038674,865.667
/ubc/cs/research/arrow-raid1/projects/TSP_Data/INSTANCE/TSPLIB/STSP/ali535.tsp,535,73.42911068,0.711717454,1.148220416,0.04323351,0.043314471,1.245493567,0.27613298,1.996261682,0.358488307,6.310302957,0.195980633,0.675398879,6.050611609,6.647036534,3.20E-08,-1.60E-08,0.489934056,0.461329671,0.80078744,0.700841121,0.578124367,1.301103875,0.203271028,0.030524429,-4.139417487,2756.148728,0.689327048,1.599761189,0.824345146,0.268535797,-0.862271901,0.022017474,0.84832941,6.247065518,0.005193943,0.05,0.25,0.5,0.6,0.95,0.807476636,0.407476636,245.0277278,0.04,0.03,1.47,76.72,2.49,0.71,86.515704,1369.147228,1007.131235,1384.222358,0.014911,0.114235,0.359022,0.435965,160000,0.090464,0.140183,0.003738,0.007477,130560
/ubc/cs/research/arrow-raid1/projects/TSP_Data/INSTANCE/TSPLIB/STSP/att48.tsp,48,3284.638459,0.593284598,1.569561686,0.175334343,0.179064861,0.48685829,1.75526948,1.958333333,0.42923917,3.458684114,0.265647174,0.295280701,-4.120261719,0.07965108,1.60E-08,-4.00E-09,0.005811051,0.005048874,1.051216189,0.11875,0.068497009,1.101864092,0.219791667,0.089964065,-7.607646404,3.235668136,7.20E-08,-1.29E-07,1,0,0,0.027592209,0.667520845,3.646051971,0,0,0,0,0,0,1,0,22.38801283,0,0,0,22.51,0.11,0.15,-512,-512,-512,-512,-512,-512,-512,-512,-512,-512,-512,-512,-512,-512
/ubc/cs/research/arrow-raid1/projects/TSP_Data/INSTANCE/TSPLIB/STSP/att532.tsp,532,3042.491884,0.661103806,1.290739182,0.046885057,0.046973353,0.699393798,0.641326209,1.996240602,0.352880027,3.796959009,0.109611867,0.508837236,1.798916702,0.020911208,2.50E-08,-1.30E-08,0.000363835,0.000282602,0.722706943,0.998026316,0.448924945,-53.74542516,0.197462406,0.036246894,-1.192408979,9.105513195,0.002615985,2.15439783,0.791666667,0.303840334,-0.886800627,0.01218786,1.038358795,1.463563838,0.00555765,0.041014,0.275168,0.49739,0.666667,0.958986,0.821428571,0.37593985,261.1755859,0.03,0.04,2.09,39.05,1.95,0.74,99.417845,1396.331355,1082.216118,1315.940274,0.015886,0.132738,0.406414,0.486386,160000,0.114493,0.156333,0.00188,0,0
/ubc/cs/research/arrow-raid1/projects/TSP_Data/INSTANCE/TSPLIB/STSP/berlin52.tsp,52,575.2634949,0.590771312,1.518533687,0.203305849,0.207292239,0.695401962,1.135024047,1.961538462,0.331018491,26.72974311,0.344771122,0.40582034,-6.553940731,0.318549676,2.50E-08,-1.00E-08,0.046877069,0.101868835,0.514582122,0.028846154,0.012900392,1.00623059,0.080769231,0.075858011,0.55069475,13.11051382,0,0,1,0,0,0,0,0,0,0,0,0,0,0,1,0,25.8008617,0,0,0,14.41,0.05,0.16,-512,-512,-512,-512,-512,-512,-512,-512,-512,-512,-512,-512,-512,-512
/ubc/cs/research/arrow-raid1/projects/TSP_Data/INSTANCE/TSPLIB/STSP/bier127.tsp,127,4952.476091,0.622321864,1.038491226,0.15059295,0.151788133,1.1177153,0.298285007,1.984251969,0.374069771,7.108316056,0.295763194,0.702991941,0.485472795,0.204949019,0.007990387,0.510607246,0.011324143,0.016648649,0.324352586,0.315748031,0.220513213,1.435707023,0.181102362,0.045095499,-0.718080322,23.88340657,5.56E-07,-7.00E-09,1,0,0,0.017550903,0.857825943,30.68783628,0.000262017,0,0,0,0,0,1,0,62.81308825,0,0,0.05,35.64,0.21,0.24,-512,-512,-512,-512,-512,-512,-512,-512,-512,-512,-512,-512,-512,-512
/ubc/cs/research/arrow-raid1/projects/TSP_Data/INSTANCE/TSPLIB/STSP/burma14.tsp,14,4.407980896,0.514626534,1.701069304,0.352704786,0.379835923,0.502367289,5.229582431,1.857142857,0.448534761,0.986330171,0.521150545,0.275853184,-4.052801217,65.27121884,1.70E-08,-3.00E-09,0.482080129,0.880001582,0.665065393,0.089285714,0.030929479,0.866025404,0.178571429,0.061858957,0.866025404,753.8598915,0,0,1,0,0,0.096900391,0,0,0,0,0,0,0,0,1,0,5.959436412,0,0,0,7.46,0.02,0.12,-512,-512,-512,-512,-512,-512,-512,-512,-512,-512,-512,-512,-512,-512
/ubc/cs/research/arrow-raid1/projects/TSP_Data/INSTANCE/TSPLIB/STSP/ch130.tsp,130,356.2238798,0.477178138,4.117070667,0.11151269,0.112377129,0.523585794,1.668612842,1.984615385,0.306078869,135.8848286,0.205917554,0.17973114,2.734224951,0.157269291,0,0,0.013811094,0.018317663,0.547590351,0.389230769,0.408941482,0.747766608,0.209230769,0.06752602,-2.482029171,17.15213478,2.86E-07,-5.00E-09,0.962962963,0.139039425,-0.259996464,0.033239377,0.907491491,64.55032345,0.00092138,0.037037,0.148148,0.333333,0.703704,0.962963,0.715384615,0.623076923,65.02591599,0,0,0.04,21.35,0.29,0.25,99.627953,256.66644,248.097809,160.048532,0.202663,0.442012,0.490414,0.495325,160000,0.104164,0.147957,0.046154,0.307692,417.867
/ubc/cs/research/arrow-raid1/projects/TSP_Data/INSTANCE/TSPLIB/STSP/ch150.tsp,150,359.3106491,0.471309897,5.791163521,0.109115531,0.10984785,0.408715474,1.96929842,1.986666667,0.30748218,5.48013216,0.18238872,0.153530904,-1.612090317,0.152458604,2.90E-08,-1.60E-08,0.006555601,0.01291428,0.262143939,0.424333333,0.365210898,0.604117039,0.144333333,0.044034078,1.747492121,18.16812281,4.96E-07,-2.00E-08,0.986842105,0.080446297,-0.166308835,0.014200632,0.814648929,11.1411242,0.001363706,0.090909,0.272727,0.454545,0.727273,0.909091,0.706666667,0.606666667,72.95207091,0,0,0.06,12.64,0.29,0.28,99.003105,287.610896,302.893804,188.820429,0.164844,0.427556,0.488933,0.496267,160000,0.116869,0.153119,0.02,0.266667,562.333
/ubc/cs/research/arrow-raid1/projects/TSP_Data/INSTANCE/TSPLIB/STSP/d198.tsp,198,962.7615674,0.836556455,1.043894621,0.061728546,0.062041888,2.103556796,0.114464915,1.98989899,0.346221176,5.039425672,0.420023344,1.302506321,0.842872643,0.096245653,0.008193147,-6.213165054,0.000991721,0.001774373,0.322156889,1.426262626,1.041760663,1.359421054,0.208333333,0.040526173,5.881545716,16.39035098,4.26E-07,-2.80E-08,0.887892377,0.242486275,-0.492757364,0.048477361,0.612771914,-1.802835383,0.008584643,0.333333,0.5,0.5,0.5,0.666667,0.803030303,0.398989899,100.8195596,0,0.01,0.07,65.33,0.47,0.32,84.561777,377.082938,577.832914,401.435253,0.07035,0.155392,0.173528,0.175314,160000,0.116076,0.196455,0.015152,0.005051,7500.33
/ubc/cs/research/arrow-raid1/projects/TSP_Data/INSTANCE/TSPLIB/STSP/d493.tsp,493,911.8987776,0.647387475,1.304091442,0.065139589,0.065271987,1.582156729,0.063607695,1.995943205,0.339214794,3.579111346,0.152459685,0.96781548,0.105746103,0.089049531,0.005982586,0.956356022,0.001286253,0.001176294,0.434175912,1.163387424,0.571853256,-10.78045188,0.255679513,0.028487795,2.227484213,38.41764115,0.043390412,1.041823433,0.685674548,0.327723313,-1.950091321,0.027486464,0.650499037,-2.681188433,0.010904959,0.027778,0.25,0.5,0.666667,0.972222,0.707910751,0.612576065,237.25604,0.02,0.03,1.35,64.16,1.72,0.65,70.026813,1494.8493,1078.392434,1514.173648,0.013977,0.106913,0.342182,0.413538,160000,0.129159,0.240274,0.004057,0.004057,110920
/ubc/cs/research/arrow-raid1/projects/TSP_Data/INSTANCE/TSPLIB/STSP/d657.tsp,657,1301.328712,0.495372885,2.673416553,0.049698187,0.049773946,0.907163853,0.067322973,1.99695586,0.329233004,7.592053855,0.10037935,0.532837943,0.066450572,0.067079665,0.002746557,3.369465635,0.001244573,0.001167486,0.41940306,1.000837139,0.402038156,-1.401577522,0.18021309,0.028558187,11.30281786,37.63561008,0.025673551,95.82209941,0.738202247,0.335261299,-1.17263771,0.018427673,0.895501976,5.071716509,0.007258644,0.010417,0.181818,0.416667,0.767424,0.933712,0.779299848,0.479452055,340.0044919,0.06,0.05,2.49,36.4,2.01,0.85,70.593467,1492.770721,1646.341473,1992.167627,0.008829,0.06733,0.218008,0.265169,160000,0.102491,0.180501,0.001522,0.001522,0
/ubc/cs/research/arrow-raid1/projects/TSP_Data/INSTANCE/TSPLIB/STSP/d1291.tsp,1291,1339.32079,0.505478955,2.316412647,0.027349842,0.027371044,1.158122536,0.050781828,1.998450813,0.234693043,25.03825288,0.10658505,0.386492296,0.074808014,0.034431449,0.024843182,3.306565642,0.00302572,0.00140834,1.267255593,0.517970565,0.171124324,-4.152444708,0.118125484,0.011422297,-1.352635676,38.06175516,0.065174167,1.682304665,0.809404389,0.3204072,-0.714897125,0.029736622,0.945242109,1.853685659,0.026652259,0.000154,0.085119,0.386206,0.788052,0.999923,0.799380325,0.458559256,634.8957239,0.22,0.19,4.73,20.15,12.61,1.57,76.286583,2687.41139,3160.810435,3953.950024,0.002463,0.019856,0.082488,0.109298,160000,0.096361,0.166805,0.000775,0.000775,0
/ubc/cs/research/arrow-raid1/projects/TSP_Data/INSTANCE/TSPLIB/STSP/d1655.tsp,1655,1313.412441,0.486141904,4.595931645,0.026199667,0.026215507,1.154229497,0.035193754,1.998791541,0.302739399,7.608299069,0.156583528,0.420690566,0.352504379,0.03406771,0.014605767,4.485178897,0.001369348,0.000513914,1.332459894,0.554108761,0.044439629,-1.035366416,0.146767372,0.013361401,-7.833293278,47.57861892,0.144462697,1.702363533,0.736537606,0.355136047,-1.06726928,0.02551121,0.979843906,1.500092565,0.027997217,0.003531,0.135095,0.486201,0.766323,0.996469,0.745619335,0.551661631,894.5455667,0.37,0.34,3,21.56,6.82,1.97,75.232994,4336.483066,4216.83235,5852.333618,0.001601,0.011502,0.034719,0.041478,160000,0.107927,0.189775,0.000604,0.000604,0
/ubc/cs/research/arrow-raid1/projects/TSP_Data/INSTANCE/TSPLIB/STSP/d2103.tsp,2103,1545.882072,0.486006392,5.325345587,0.023469964,0.02348113,0.792607751,0.039058189,1.999048978,0.14138688,-31.22458614,0.122684564,0.60327739,2.537070842,0.026871738,0.010022209,-2.919514085,0.001174501,0.000553923,1.162304585,0.351902045,0.102891705,-1.763279482,0.061887779,0.011940231,0.891894378,52.25020165,0.134761439,0.861321308,0.790898834,0.3506775,-0.734648161,0.032411197,0.791775009,4.437515571,0.033997658,0.05,0.285714,0.5,0.666667,0.95,0.944840704,0.11745126,898.1160123,0.59,0.51,6.03,21.07,3.35,2.47,77.312072,4475.915183,5275.414231,6637.354947,0.001007,0.008343,0.041661,0.060348,160000,0.092111,0.150657,0.000476,0.000476,0
/ubc/cs/research/arrow-raid1/projects/TSP_Data/INSTANCE/TSPLIB/STSP/dsj1000.tsp,1000,556100.1787,0.513911214,54.70635457,0.028601424,0.028630054,0.846337358,0.105955418,1.998,0.349633186,3.749098329,0.23911196,0.918315676,1.944081833,0.040821197,1.70E-08,-6.00E-09,0.000911546,0.00049001,0.998401996,0.75555,0.210334608,-1.274640786,0.1866,0.027370422,-4.781036427,33.6555238,0.030857755,-1.103957207,0.754716981,0.344589467,-0.961649126,0.025246947,0.979595233,1.170793158,0.013506687,0.004167,0.25,0.5,0.714286,0.995833,0.806,0.399,397.1935669,0.13,0.13,2.46,82.5,3.77,1.24,-512,-512,-512,-512,-512,-512,-512,-512,-512,-512,-512,-512,-512,-512
/ubc/cs/research/arrow-raid1/projects/TSP_Data/INSTANCE/TSPLIB/STSP/eil51.tsp,51,32.42625902,0.46448579,2.816532662,0.227660176,0.232213379,0.226235314,65.84480777,1.960784314,0.40348482,1.8355594,0.282845884,0.133534182,-5.409638448,0.290251327,0,0,0.017698276,0.017886615,0.435609638,0.178431373,0.114818949,2.040342941,0.310784314,0.060839633,-0.450467464,13.13750068,0,0,0.962264151,0.148865414,-0.236539265,0.011737089,0.521791785,-1.793769065,0,0.076923,0.307692,0.307692,0.692308,0.923077,0.647058824,0.725490196,24.30440311,0,0,0,7.5,0.09,0.15,-512,-512,-512,-512,-512,-512,-512,-512,-512,-512,-512,-512,-512,-512
/ubc/cs/research/arrow-raid1/projects/TSP_Data/INSTANCE/TSPLIB/STSP/eil76.tsp,76,33.22964602,0.474120537,2.894487284,0.187028094,0.189521802,0.28368161,1.076996876,1.973684211,0.385284887,4.473204685,0.238334667,0.182085929,0.73872817,0.239244198,0.012135255,-1.145643923,0.02684527,0.026520417,1.304521157,0.052631579,0.059864806,0.449757942,0.266447368,0.041582903,0.900688494,16.19036206,0,0,0.8,0.324118237,-0.739655864,0.001858736,0,0,0,0,0,0,0,0,1,0,35.68229392,0,0,0.02,9.06,0.05,0.19,-512,-512,-512,-512,-512,-512,-512,-512,-512,-512,-512,-512,-512,-512
/ubc/cs/research/arrow-raid1/projects/TSP_Data/INSTANCE/TSPLIB/STSP/eil101.tsp,101,33.95165721,0.481188523,3.769311074,0.163965592,0.165605248,0.379238118,2.269638181,1.98019802,0.414246304,2.782069809,0.221407513,0.196813915,2.098305847,0.221587632,0.029689309,-1.921483122,0.018959071,0.017506309,0.757040534,0.106930693,0.07373413,2.479342424,0.247524752,0.080982594,1.396608706,18.52634162,5.14E-07,1.06E-07,0.848739496,0.246356832,-0.82773346,0.003428808,1.229090194,1.117710232,0.001649375,0.006704,0.069274,0.364246,0.924022,0.972067,0.574257426,0.910891089,47.65234538,0,0,0.04,10.57,0.17,0.22,95.70348,197.107692,179.675676,144.011607,0.171356,0.223409,0.230468,0.230664,160000,0.105163,0.152512,0.029703,0.574257,104.333
/ubc/cs/research/arrow-raid1/projects/TSP_Data/INSTANCE/TSPLIB/STSP/fl417.tsp,417,1189.517744,0.575926646,-7.57428766,0.020589117,0.02063861,2.127914791,0.210008604,1.995203837,0.312384409,2.779012128,0.254693098,0.507317539,-1.49580769,0.032777828,0.004979574,144.4732124,0.00451158,0.005153948,0.60610631,0.695203837,0.579010765,0.677579247,0.220143885,0.020803962,-5.494121961,9.97147799,0.000364024,0.878844025,0.773654917,0.311143978,-0.950279311,0.061276614,0.803488393,8.524146692,0.004345841,0.015625,0.231771,0.5,0.707031,0.984375,0.769784173,0.474820144,204.3683795,0.02,0.02,0.16,113.92,2.02,0.58,148.681591,765.880778,874.630752,871.017098,0.025718,0.073024,0.132907,0.233925,160000,0.113667,0.130867,0.014388,0.05036,1203.6
/ubc/cs/research/arrow-raid1/projects/TSP_Data/INSTANCE/TSPLIB/STSP/fl1400.tsp,1400,1206.003812,0.587950838,-4.854469276,0.01008024,0.010087445,2.998034855,0.134422194,1.998571429,0.407370548,2.84061017,0.243493755,0.551317536,-1.698508752,0.015695135,0.003220512,25.15915132,0.001096436,0.000871713,0.351572393,0.436142857,0.138358157,-2.286775743,0.422071429,0.00908267,4.828485424,16.71143142,0.014981593,-1.397540907,0.509090909,0.286922687,4.242425759,0.045836594,1.042980665,0.970150181,0.039409969,0.007543,0.279661,0.5,0.662716,0.992457,0.745714286,0.532857143,709.8495581,0.27,0.24,3.83,151,9.75,1.68,138.347168,2961.508095,3127.334398,3974.864108,0.00247,0.017658,0.058865,0.145717,160000,0.090885,0.120845,0.004286,0.010714,58403
/ubc/cs/research/arrow-raid1/projects/TSP_Data/INSTANCE/TSPLIB/STSP/fl1577.tsp,1577,859.3676564,0.544113179,2.140760318,0.014328478,0.01433757,1.633912924,0.07150565,1.998731769,0.276025439,2.76349124,0.261449998,0.554599747,118.4543552,0.021372648,0.027820046,1.616653038,0.002463748,0.000654987,1.380206094,0.574191503,0.066615476,-0.57588626,0.139917565,0.014756337,1.071267745,26.51717205,0.242142466,2.534348387,0.748102467,0.345094664,-0.976187772,0.061135076,1.092628264,1.068229926,0.065559512,0.001414,0.25,0.5,0.75,0.998586,0.811033608,0.386176284,714.178389,0.33,0.3,3.02,54.03,8.66,1.89,100.502473,3407.383709,3546.909185,4505.14856,0.001834,0.01015,0.033462,0.115229,160000,0.132327,0.175435,0.005073,0,64827
/ubc/cs/research/arrow-raid1/projects/TSP_Data/INSTANCE/TSPLIB/STSP/fl3795.tsp,3795,943.5848532,0.538951997,2.665440378,0.006998767,0.007000612,2.347906644,0.058184538,1.999472991,0.264320766,2.460567144,0.249394818,0.493379227,-2.184979336,0.010263119,0.027077255,-0.513465711,0.001435413,0.000954736,1.202318678,0.221370224,0.039862326,-0.722658416,0.205019763,0.011067343,5.648107996,30.85922787,0.267025195,0.500323389,0.659770515,0.328240477,-2.483584009,0.03790904,1.335563496,0.610539699,0.048723258,0.004577,0.189458,0.5,0.75,0.993953,0.868247694,0.276679842,1660.339911,1.9,1.74,19.91,64.26,53.04,4.4,98.85012,9276.469457,8915.521873,12491.38815,0.000342,0.002684,0.013932,0.064641,160000,0.118317,0.178571,0.001054,0.001318,777089
/ubc/cs/research/arrow-raid1/projects/TSP_Data/INSTANCE/TSPLIB/STSP/fnl4461.tsp,4461,1867.285637,0.510756747,2.699379901,0.020254865,0.020259406,0.282428615,4.895972533,1.99955167,0.355332854,4.506843539,0.03021208,0.090588585,0.562839227,0.025218785,0.003121418,-4.714022104,0.001279617,0.000152316,1.891890343,0.220051558,0.004141459,-1.172254778,0.193510424,0.009693127,-12.94472763,98.0815395,0.051612202,3.559349648,0.641685846,0.364559187,-2.288154156,0.009924034,0.81531398,2.294533657,0.011924024,0.005208,0.25,0.5,0.743375,0.994792,0.832772921,0.341851603,2375.808353,2.64,2.37,620.31,35.32,9.19,5.16,-512,-512,-512,-512,-512,-512,-512,-512,-512,-512,-512,-512,-512,-512
/ubc/cs/research/arrow-raid1/projects/TSP_Data/INSTANCE/TSPLIB/STSP/gil262.tsp,262,101.9368648,0.473292972,6.299165237,0.078746114,0.079047824,0.487495145,2.623085713,1.992366412,0.35079971,4.725106108,0.15127419,0.129102552,-0.639744743,0.10677916,0.013811385,12.1417987,0.005732512,0.005871751,0.764663399,0.430534351,0.454162549,0.529841726,0.18721374,0.035855015,5.60464365,23.32816498,0,0,0.916083916,0.209236156,-0.41710027,0.021244748,0.875141487,7.792390214,0.004936975,0.25,0.5,0.5,0.5,0.75,0.946564885,0.110687023,120.1970369,0.01,0.01,0.13,18.76,0.7,0.4,98.619439,524.929293,539.836735,479.224917,0.060705,0.21425,0.26349,0.268516,160000,0.100776,0.139441,0.01145,0.003817,12513
/ubc/cs/research/arrow-raid1/projects/TSP_Data/INSTANCE/TSPLIB/STSP/gr96.tsp,96,35.10398247,0.503713314,3.203669988,0.129444994,0.130807573,0.739400661,0.387049131,1.979166667,0.309230123,88.64416643,0.251566291,0.349448089,0.41708182,19.34194125,0,0,0.713233493,0.962510509,0.447991072,0.408854167,0.340162387,1.058937145,0.195833333,0.04264477,1.774615373,1572.72754,2.73E-05,-7.00E-09,1,0,0,0.014644056,0.875591681,3.572201915,0.006484973,0.042857,0.257143,0.428571,0.614286,0.957143,0.645833333,0.78125,46.0641455,0,0,0.02,29.82,0.24,0.21,-512,-512,-512,-512,-512,-512,-512,-512,-512,-512,-512,-512,-512,-512
/ubc/cs/research/arrow-raid1/projects/TSP_Data/INSTANCE/TSPLIB/STSP/gr137.tsp,137,44.7399783,0.598613078,1.278301761,0.095573471,0.096276217,0.594717164,0.500239748,1.98540146,0.316133718,93.03453577,0.160563965,0.351638724,0.566269815,13.02921972,2.20E-08,-6.00E-09,2.391211173,4.295778285,0.295989517,0.085036496,0.060203493,1.488986651,0.082846715,0.03637022,1.364859585,1561.310547,8.64E-06,0,1,0,0,0.009981477,1.488672627,0.717543552,0.000370421,0.125,0.125,0.375,0.75,0.875,0.832116788,0.372262774,68.65593933,0,0,0.05,29.78,0.77,0.26,-512,-512,-512,-512,-512,-512,-512,-512,-512,-512,-512,-512,-512,-512
/ubc/cs/research/arrow-raid1/projects/TSP_Data/INSTANCE/TSPLIB/STSP/gr202.tsp,202,15.53569788,0.754799895,0.348699672,0.122334268,0.122942896,1.558900709,0.153097253,1.99009901,0.367385229,5.977491021,0.213101689,1.312884804,0.200388581,14.72176358,0,0,0.262305077,0.300773086,0.551128647,1.234158416,0.932158763,1.461988599,0.2,0.074888408,-4.323037766,2585.014224,0.000102859,-1.80E-08,1,0,0,0.016865597,0.919835835,33.03339647,0.002138506,0,0,0,0,0,1,0,98.79650973,0,0.01,0.22,55.74,0.54,0.33,-512,-512,-512,-512,-512,-512,-512,-512,-512,-512,-512,-512,-512,-512
/ubc/cs/research/arrow-raid1/projects/TSP_Data/INSTANCE/TSPLIB/STSP/gr229.tsp,229,69.51455353,0.837553579,0.493414464,0.080210124,0.080561923,1.870294544,0.08427873,1.991266376,0.331829479,106.5931603,0.256446691,2.024936323,0.295135018,10.10124313,1.40E-08,8.00E-09,0.467978438,0.478839722,0.54740385,0.856331878,0.876174403,0.961082008,0.191266376,0.042687684,-1.490206401,1936.508158,0.36584109,0.687916911,0.857677903,0.283581695,-0.536000054,0.022167994,0.86944529,15.48460955,0.002391989,0.025,0.25,0.5,0.75,0.975,0.716157205,0.580786026,110.425654,0.01,0.01,0.28,39.39,0.75,0.36,-512,-512,-512,-512,-512,-512,-512,-512,-512,-512,-512,-512,-512,-512
/ubc/cs/research/arrow-raid1/projects/TSP_Data/INSTANCE/TSPLIB/STSP/gr431.tsp,431,67.57545393,0.795469649,0.896641033,0.054859765,0.054987346,1.678224089,0.09467053,1.995359629,0.349816455,11.34191756,0.150607563,1.855859937,0.218645234,6.999480017,0,0,0.150105373,0.209245058,0.430574722,1.181438515,0.54894611,14.03477239,0.19361949,0.029471609,-16.42733541,2537.206782,1.646954686,0.27443809,0.796672828,0.341070434,-0.717499428,0.026400332,0.652963198,-1.901620893,0.007460098,0.003294,0.222222,0.5,0.722222,0.996706,0.747099768,0.535962877,191.3685879,0.02,0.02,1.71,69.22,1.62,0.59,-512,-512,-512,-512,-512,-512,-512,-512,-512,-512,-512,-512,-512,-512
/ubc/cs/research/arrow-raid1/projects/TSP_Data/INSTANCE/TSPLIB/STSP/gr666.tsp,666,87.75818392,0.65739334,1.259601915,0.044683376,0.044750569,1.09182895,0.221337781,1.996996997,0.342735106,16.66889617,0.150883076,0.668109279,1.558081744,6.093217816,0,0,0.180413462,0.159264218,0.292514159,0.967042042,0.347976488,-7.621784735,0.198573574,0.024154465,-1.403101739,3357.850936,2.987800083,1.09098113,0.776223776,0.317570111,-0.929402902,0.016676007,0.737310158,7.445316001,0.014487267,0.011364,0.164663,0.5,0.794421,0.965737,0.734234234,0.554054054,347.6410202,0.06,0.05,3.15,57.47,2.28,0.86,70.270462,1723.859778,1442.241843,1986.037734,0.00852,0.068907,0.329877,0.476089,160000,0.093767,0.142313,0.003003,0.012012,208658
/ubc/cs/research/arrow-raid1/projects/TSP_Data/INSTANCE/TSPLIB/STSP/kroA100.tsp,100,1710.706943,0.53547551,2.329461483,0.109733425,0.110841843,0.476870732,11.11985582,1.98,0.334860292,45.65555718,0.195297361,0.145724827,-0.558247222,0.159822815,2.90E-08,-1.70E-08,0.032554141,0.051722914,0.325704602,0.062,0.032341923,9.621630184,0.1055,0.059031771,1.549200415,12.44047093,2.86E-07,-1.20E-08,1,0,0,0.029813927,1.159383558,1.289399413,0,0,0,0,0,0,1,0,46.97961934,0,0,0.01,13.85,0.26,0.22,106.399478,202.476626,213.980463,164.247589,0.2831,0.4653,0.4918,0.4943,160000,0.10872,0.144579,0.04,0.61,43
/ubc/cs/research/arrow-raid1/projects/TSP_Data/INSTANCE/TSPLIB/STSP/kroA150.tsp,150,1717.360546,0.535142598,2.382025748,0.091448076,0.092061822,0.493476562,4.943915793,1.986666667,0.358228353,7.680992728,0.177135319,0.138963112,-0.419183429,0.130704451,2.90E-08,-1.40E-08,0.00124357,0.001008176,0.942378762,0.859333333,0.549556993,0.980016318,0.156,0.043122564,3.626483543,15.44463104,0,0,1,0,0,0.029334966,0.880878214,25.71588234,0.002928571,0.096774,0.354839,0.451613,0.612903,0.903226,0.773333333,0.486666667,73.48912042,0.01,0,0.02,21.43,0.38,0.27,106.319716,305.369087,311.660302,198.806817,0.173067,0.4324,0.490222,0.4956,160000,0.111046,0.143871,0.053333,0.153333,302.696
/ubc/cs/research/arrow-raid1/projects/TSP_Data/INSTANCE/TSPLIB/STSP/kroA200.tsp,200,1701.174894,0.539254618,2.400594521,0.076219629,0.076602642,0.495507599,2.192802763,1.99,0.348114648,9.664801367,0.158584924,0.161752845,-0.652621516,0.104351411,7.00E-09,-3.00E-09,0.009934506,0.013696787,0.390334361,0.1915,0.196742852,0.432308034,0.1505,0.04543952,-3.122457111,17.26336317,4.57E-07,-2.50E-08,1,0,0,0.018739948,1.326038916,0.974633697,0.000601726,0.008399,0.078882,0.232256,0.845218,0.991601,0.58,0.985,95.73890685,0,0.01,0.03,23.48,1.06,0.33,104.663262,390.577011,428.886398,318.495883,0.10645,0.3888,0.484475,0.4956,160000,0.099797,0.13394,0.005,0.045,0
/ubc/cs/research/arrow-raid1/projects/TSP_Data/INSTANCE/TSPLIB/STSP/kroB100.tsp,100,1687.551035,0.540962486,2.29118531,0.114111865,0.11526451,0.495862717,3.677574276,1.98,0.302861906,136.1364268,0.206224629,0.158661657,-0.582089166,0.158727051,3.30E-08,-2.00E-08,0.009674064,0.009266968,0.611564758,0.2505,0.149213773,0.987443604,0.2055,0.064068323,-1.007044746,13.1201958,2.24E-07,-4.00E-09,1,0,0,0.027188753,1.021876961,1.970043722,0.003379444,0,0,0,0,0,1,0,47.87331262,0,0,0.02,20.93,0.35,0.21,105.42075,219.355527,207.087968,160.109595,0.2829,0.4622,0.4912,0.4949,160000,0.115461,0.156147,0.05,0.64,2.5
/ubc/cs/research/arrow-raid1/projects/TSP_Data/INSTANCE/TSPLIB/STSP/kroB150.tsp,150,1711.617567,0.538906302,2.837773388,0.088821309,0.089417425,0.515143598,2.230898964,1.986666667,0.36753776,4.424066366,0.1712099,0.167664263,-0.630868437,0.11698875,0,0,0.008497941,0.012917618,0.459781848,1.288,1.901055379,0.643004206,0.174333333,0.060489669,-7.854769579,15.26637755,0.000350545,0.367149563,0.877192982,0.29260928,-0.445369794,0.017245327,0.972730762,1.760729485,0.001634991,0.002426,0.029109,0.436022,0.956337,0.997574,0.566666667,0.966666667,72.6453378,0,0,0.04,24.58,0.48,0.27,104.471509,294.701656,313.296593,202.83033,0.170222,0.431422,0.489644,0.495644,160000,0.098172,0.131449,0.04,0.226667,324
/ubc/cs/research/arrow-raid1/projects/TSP_Data/INSTANCE/TSPLIB/STSP/kroB200.tsp,200,1664.186743,0.536211797,2.238721339,0.078728107,0.079123725,0.499435999,10.71674667,1.99,0.337058218,9.008554525,0.14889788,0.108305966,-0.273405836,0.104928128,0,0,0.005810453,0.003955299,1.470587076,0.27175,0.160882527,0.776595074,0.16425,0.042844924,-2.780323963,17.68851971,2.34E-07,-4.00E-09,1,0,0,0.02154205,1.034129473,2.101621742,0.000690741,0.333333,0.333333,0.5,0.666667,0.666667,0.805,0.39,97.62901657,0,0.01,0.03,21.76,0.57,0.33,103.683344,412.192747,394.647118,292.80247,0.1075,0.389425,0.4833,0.4953,160000,0.113494,0.148893,0.01,0.09,11858
/ubc/cs/research/arrow-raid1/projects/TSP_Data/INSTANCE/TSPLIB/STSP/kroC100.tsp,100,1700.556766,0.535554952,2.540241658,0.108213523,0.109306589,0.492468913,7.535286004,1.98,0.334860292,45.65555718,0.19235404,0.128388952,-0.307190971,0.13439716,1.40E-08,-3.00E-09,0.029011087,0.024922199,0.883106718,0.037,0.017058722,0.983766971,0.1155,0.058862127,-33.51699818,12.20129808,1.51E-07,-1.90E-08,1,0,0,0.021760085,0.82526761,52.64871082,0,0,0,0,0,0,1,0,48.46688192,0,0,0.02,12.68,0.23,0.22,104.892865,188.615541,214.511533,165.106325,0.2804,0.4631,0.4909,0.4944,160000,0.097675,0.133993,0.03,0.71,17.3333
/ubc/cs/research/arrow-raid1/projects/TSP_Data/INSTANCE/TSPLIB/STSP/kroD100.tsp,100,1631.103673,0.531669528,2.138935286,0.114013082,0.115164729,0.523066382,2.6323365,1.98,0.327154237,52.43101032,0.216179063,0.179323948,-0.745226301,0.162859053,0,0,0.035974433,0.048620063,0.411061799,0.048,0.028740216,0.870723965,0.101,0.048569538,1.355570616,13.05496417,0,0,1,0,0,0.020999656,1.20382746,1.303232824,0,0,0,0,0,0,1,0,46.22362544,0,0,0.01,21.02,0.25,0.22,104.551382,190.949474,188.549821,157.709688,0.2794,0.4649,0.4923,0.4945,160000,0.115163,0.154221,0.08,0.38,1.125
/ubc/cs/research/arrow-raid1/projects/TSP_Data/INSTANCE/TSPLIB/STSP/kroE100.tsp,100,1732.158909,0.538953267,2.88598406,0.11098517,0.112106232,0.500651345,2.49266835,1.98,0.356981759,35.36951236,0.199835633,0.185703625,-0.824846834,0.139796643,2.20E-08,-2.60E-08,0.004415446,0.00415541,0.764528027,0.2075,0.33633131,0.396835309,0.1235,0.070517728,1.479649877,12.7401706,9.50E-08,1.00E-09,1,0,0,0.021017881,1.094370485,2.161588366,0.003529411,0.027778,0.185185,0.416667,0.740741,0.972222,0.6,0.9,50.14633123,0.01,0,0.01,18.68,0.31,0.22,108.867104,207.432212,202.422422,165.933358,0.2881,0.4644,0.4909,0.4944,160000,0.111165,0.144346,0.05,0.44,165.5
/ubc/cs/research/arrow-raid1/projects/TSP_Data/INSTANCE/TSPLIB/STSP/lin105.tsp,105,1177.354537,0.569793788,2.076188566,0.105648014,0.10666386,0.830382913,0.690724414,1.980952381,0.326640149,55.46804971,0.284358211,0.334493413,-13.09224386,0.142223616,3.40E-08,-1.30E-08,0.015831429,0.030047961,0.317419996,0.068571429,0.057664288,1.097239404,0.063809524,0.03272922,1.069287299,12.21297371,0,0,1,0,0,0.070380416,0,0,0,0,0,0,0,0,1,0,52.90840614,0,0,0.01,13.34,0.09,0.22,113.628219,204.994709,158.793703,153.757389,0.246803,0.378685,0.399274,0.401451,160000,0.130325,0.176428,0.07619,0.314286,23.4286
/ubc/cs/research/arrow-raid1/projects/TSP_Data/INSTANCE/TSPLIB/STSP/lin318.tsp,318,1849.046097,0.487760537,4.044835646,0.064488234,0.064691667,0.780443336,0.688689668,1.993710692,0.342165882,7.891784028,0.227581856,0.25398745,-0.803867105,0.091995166,0.000229658,0.242157493,0.00447261,0.008982925,0.268020879,1.048899371,0.779929037,1.032518847,0.195440252,0.028979911,-2.266797484,22.75378643,0.029936003,1.850212396,0.85026738,0.274738443,-0.604785682,0.023503094,1.030874364,1.718908585,0.006479041,0.01476,0.173432,0.352768,0.782288,0.98524,0.688679245,0.701257862,166.9625784,0.01,0.01,0.1,31.9,1.05,0.46,98.369871,620.82672,593.872279,690.493496,0.042413,0.16638,0.216586,0.223053,160000,0.104692,0.142499,0.009434,0.056604,75
/ubc/cs/research/arrow-raid1/projects/TSP_Data/INSTANCE/TSPLIB/STSP/nrw1379.tsp,1379,1032.340984,0.526631883,2.220238809,0.036536429,0.036562943,0.323467958,3.13349069,1.998549674,0.356493027,5.864216364,0.055277105,0.124379779,7.670543286,0.046458298,0.000850856,-0.65841546,0.000867182,0.000215608,1.067901816,0.645322698,0.085511743,-0.326760728,0.204749819,0.017659286,-5.271058865,54.95301542,0.027368847,-2.390587443,0.708269132,0.345368406,-1.378249292,0.009108557,0.703311718,-14.95468242,0.006289474,0.083333,0.333333,0.5,0.666667,0.916667,0.890500363,0.223350254,659.6610102,0.25,0.23,28.84,26.66,2.26,1.66,-512,-512,-512,-512,-512,-512,-512,-512,-512,-512,-512,-512,-512,-512
/ubc/cs/research/arrow-raid1/projects/TSP_Data/INSTANCE/TSPLIB/STSP/p654.tsp,654,3116.426843,0.589066132,-4.205655642,0.014452563,0.014474696,2.46987948,0.171127437,1.996941896,0.230025306,5.626398075,0.249657345,0.528374432,-1.299800714,0.021552902,0.029740315,23.22373499,0.00156965,0.001863308,0.580248571,0.445183486,0.35572476,1.015332518,0.297400612,0.025386408,-3.821423833,11.11651316,0.000685213,0.383617268,0.689873418,0.283406763,-2.383325006,0.057417131,1.183288286,1.285107048,0.000706806,0.5,0.5,0.5,0.5,0.5,0.990825688,0.018348624,338.2538306,0.06,0.05,0.39,81.17,3.35,0.85,152.84735,1271.395639,1401.20915,1620.487002,0.011117,0.042507,0.054553,0.055981,160000,0.091027,0.107423,0.012232,0.021407,4942.57
/ubc/cs/research/arrow-raid1/projects/TSP_Data/INSTANCE/TSPLIB/STSP/pcb442.tsp,442,1747.997575,0.475217874,6.208805162,0.060007112,0.060143183,0.264672668,0.183975339,1.995475113,0.343767463,5.747691199,0.102927898,0.206035934,1.359609214,0.079860417,0.024242633,-5.706836056,0.002010899,0.004493633,0.248729988,1.11459276,0.599609523,3.224598477,0.241289593,0.028467931,7.178174853,29.08150488,0.039062181,2.171413684,0.733001658,0.315750881,-1.228540134,0.007085105,0.97960801,2.400930649,0.006273384,0.25,0.5,0.5,0.5,0.75,0.925339367,0.149321267,213.4268106,0.02,0.03,0.46,22.3,0.96,0.61,100.222291,878.897333,934.963158,1112.102676,0.021273,0.078018,0.098165,0.099967,160000,0.102736,0.14764,0.002262,0.002262,0
/ubc/cs/research/arrow-raid1/projects/TSP_Data/INSTANCE/TSPLIB/STSP/pcb1173.tsp,1173,1202.092917,0.499644372,2.85384983,0.036494934,0.036526073,0.348302728,0.360455048,1.99829497,0.315415309,4.864138762,0.06899181,0.20682578,0.46138685,0.047548855,0.013721221,-1.136366088,0.001351638,0.000436054,1.951063055,0.685848252,0.131223205,-1.234014684,0.168073316,0.019656478,-1.959020814,47.40660992,0.085886082,0.752590156,0.780439122,0.336224894,-0.814504924,0.009744519,0.979136235,1.241148133,0.01163136,0.004535,0.166667,0.444444,0.83165,0.995465,0.820971867,0.375106564,607.8577354,0.18,0.16,9.32,22.32,2.4,1.44,95.627839,2413.82906,2444.888584,3072.711365,0.003661,0.03261,0.204831,0.359114,160000,0.105045,0.142342,0.000853,0,0
/ubc/cs/research/arrow-raid1/projects/TSP_Data/INSTANCE/TSPLIB/STSP/pcb3038.tsp,3038,1778.421095,0.48470113,3.957813331,0.023581798,0.023589562,0.29570198,0.366545286,1.999341672,0.322109952,4.495849562,0.042239431,0.162743662,0.311702346,0.030193269,0.002824174,20.6605142,0.001496831,0.000220204,4.174570578,0.313660303,0.013218667,-1.466485201,0.173765635,0.011579788,-2.355370939,77.70378477,0.050604024,2.859959679,0.699033594,0.351860789,-1.398116799,0.007704183,1.085741008,0.999338763,0.012878657,0.003036,0.24,0.5,0.75,0.996964,0.823897301,0.357472021,1385.374915,1.22,1.04,160.79,29.65,8.49,3.57,98.154307,5822.60075,5980.432405,7997.17389,0.000582,0.005463,0.047151,0.229942,160000,0.099224,0.133216,0.000329,0,0
/ubc/cs/research/arrow-raid1/projects/TSP_Data/INSTANCE/TSPLIB/STSP/pla7397.tsp,7397,377530.7378,0.56941343,-6.591388251,0.007791386,0.00779244,0.966020682,0.148877706,1.99972962,0.318570983,6.12108442,0.07151512,0.754643893,-8.978403299,0.010087933,0.010308845,-6.426752263,0.001197713,0.000281111,3.574219245,0.130552927,0.003927518,-0.846655775,0.22150872,0.0100403,-15.61861478,61.9584148,0.08734323,4.387846746,0.616879326,0.295173363,-4.123057851,0.013760249,0.975333278,1.410795303,0.015368974,0.002088,0.25,0.5,0.6875,0.990911,0.892253616,0.221170745,4351.96307,7.25,5.98,495.74,54.33,24.33,8.46,-512,-512,-512,-512,-512,-512,-512,-512,-512,-512,-512,-512,-512,-512
/ubc/cs/research/arrow-raid1/projects/TSP_Data/INSTANCE/TSPLIB/STSP/pr76.tsp,76,7558.707357,0.517824592,1.636420891,0.151825248,0.153849585,0.605590919,0.496072443,1.973684211,0.296048044,304.066012,0.293209502,0.389354239,4.998804565,0.221314993,0,0,0.020806149,0.020605901,1.850338744,0.081578947,0.092255517,0.535305967,0.138157895,0.090349813,-8.599190401,14.30919268,2.34E-07,-4.00E-09,1,0,0,0.033548601,0.995145998,2.027890041,3.78E-05,0.003663,0.142857,0.252747,0.761905,0.996337,0.526315789,1.197368421,36.61588751,0,0,0,33.65,0.41,0.19,-512,-512,-512,-512,-512,-512,-512,-512,-512,-512,-512,-512,-512,-512
/ubc/cs/research/arrow-raid1/projects/TSP_Data/INSTANCE/TSPLIB/STSP/pr107.tsp,107,5404.229856,0.574593275,-3.261549849,0.060107753,0.060674807,2.0519175,0.106206315,1.981308411,0.477977077,1.2055767,0.714956632,0.832793315,-45.89325705,0.094517864,0.051906037,3.896712697,0.003526757,0.003529965,0.809700483,0.190186916,0.194367248,0.681498094,0.246261682,0.117373467,4.070943262,8.197837839,0,0,0.914529915,0.192271602,-0.523731633,0.26542973,0.362267872,1.7892603,0,0,0,0,0,0,1,0,49.69426881,0,0,0,25.61,0.15,0.23,152.927808,213.745455,208.470588,221.275966,0.074766,0.082278,0.083501,0.083501,160000,0.070066,0.081914,0.056075,0,115.367
/ubc/cs/research/arrow-raid1/projects/TSP_Data/INSTANCE/TSPLIB/STSP/pr124.tsp,124,5623.356452,0.50653902,-11.06706757,0.072473467,0.073062682,0.93581538,0.28998282,1.983870968,0.263820825,-49.95586175,0.283909274,0.632735407,1.368662144,0.116319292,1.70E-08,1.80E-08,0.002971015,0.002275851,0.635821793,0.648790323,0.37596974,1.267348348,0.143145161,0.02611646,3.601129204,10.49728939,3.50E-07,-1.80E-08,1,0,0,0.036929563,0.799107328,3.819070599,0.008232964,0.041667,0.208333,0.416667,0.75,0.958333,0.766129032,0.524193548,64.31865101,0,0,0.01,25.62,0.28,0.25,124.096245,261.067398,291.763183,183.030164,0.224571,0.410835,0.441857,0.444654,160000,0.098668,0.120658,0.064516,0.177419,87.1429
/ubc/cs/research/arrow-raid1/projects/TSP_Data/INSTANCE/TSPLIB/STSP/pr136.tsp,136,6073.985956,0.484923851,-41.48214866,0.107699141,0.108496912,0.457511583,0.311761189,1.985294118,0.299152896,243.959187,0.331753971,0.484525087,-14.52363374,0.142914197,0,0,0.012592107,0.020244084,0.452373146,0.240073529,0.165829202,1.639914636,0.227205882,0.046030821,-2.919217919,15.93220674,0,0,0.894736842,0.212066733,-0.593133082,0.025506277,0.811814537,8.727873513,0.004747637,0.5,0.5,0.5,0.5,0.5,0.669117647,0.661764706,66.74683209,0,0,0.01,32.66,0.33,0.25,113.16157,294.391523,272,205.96317,0.053038,0.06104,0.061905,0.061959,160000,0.097819,0.125922,0.058824,0.058824,0
/ubc/cs/research/arrow-raid1/projects/TSP_Data/INSTANCE/TSPLIB/STSP/pr144.tsp,144,5639.511451,0.498879045,4.951562438,0.060910092,0.061336036,1.541315777,0.400770746,1.986111111,0.213830557,-12.02279843,0.383557066,0.279278078,-0.459928851,0.080975296,0.008369932,0.666666668,0.013643223,0.013299552,1.194564516,0.334722222,0.314573369,0.775606952,0.115277778,0.032080026,1.152019791,10.37979983,0,0,1,0,0,0.150162144,1.066787749,2.406609862,0.002590032,0.25,0.25,0.5,0.5,0.75,0.854166667,0.3125,71.18418554,0,0.01,0.01,27.23,0.31,0.27,111.352827,293.382151,298.392749,211.564958,0.123023,0.181086,0.18914,0.190104,160000,0.111127,0.140086,0.083333,0.166667,18.1818
/ubc/cs/research/arrow-raid1/projects/TSP_Data/INSTANCE/TSPLIB/STSP/pr152.tsp,152,6914.839959,0.530514959,3.553476801,0.056294303,0.056667113,1.714034016,0.16130072,1.986842105,0.215918416,-13.40205439,0.552834622,0.59252844,-1.766337965,0.089109457,3.50E-08,-2.00E-08,0.006090409,0.009070473,0.40836159,0.355592105,0.315092948,0.464609882,0.119736842,0.03441236,-39.48989242,10.65563346,0,0,1,0,0,0.182591233,0.827624373,30.80373784,0.008371488,0.25,0.25,0.5,0.5,0.75,0.828947368,0.368421053,69.7893104,0,0.01,0.01,121.6,0.53,0.28,116.265666,303.061566,287.144005,241.68371,0.103532,0.146901,0.152614,0.153307,160000,0.133788,0.177232,0.039474,0,769.867
/ubc/cs/research/arrow-raid1/projects/TSP_Data/INSTANCE/TSPLIB/STSP/pr226.tsp,226,7503.014023,0.494322763,-12.1496149,0.040479284,0.040659192,1.727768331,0.273715611,1.991150442,0.306150935,222.8046299,0.356142722,0.368480751,-0.645978074,0.059305194,0.025996929,1.1492672,0.002429992,0.002174299,0.85258095,0.524336283,0.346656778,1.707155862,0.140265487,0.024320188,-1.691162604,10.71156201,2.43E-07,6.30E-08,0.953586498,0.168881296,-0.253754796,0.063333499,1.459531175,0.8207387,0.001118582,0,0,0,0,0,1,0,110.8076337,0,0.01,0.03,20.59,1.16,0.36,124.486371,445.310345,492.411215,503.61592,0.080625,0.181827,0.201915,0.204695,160000,0.10899,0.138567,0.035398,0.048673,166.125
/ubc/cs/research/arrow-raid1/projects/TSP_Data/INSTANCE/TSPLIB/STSP/pr264.tsp,264,4248.459527,0.6020896,-3.951654579,0.036681961,0.036821436,1.900909839,0.073096952,1.992424242,0.293022463,4.36151334,0.599539623,0.849540737,-68.88153206,0.051386897,0.069808476,1.152996806,0.005479982,0.005188841,0.640866528,0.488068182,0.35418039,1.259242092,0.126515152,0.031678083,1.325098743,11.5653685,3.37E-07,-1.60E-08,1,0,0,0.082643058,1.168647038,1.501342889,0,0,0,0,0,0,1,0,130.4921731,0,0.01,0.05,26.37,0.8,0.41,136.954372,485.714286,412.247788,549.407619,0.035856,0.052815,0.055828,0.056101,160000,0.078895,0.094551,0.007576,0,0
/ubc/cs/research/arrow-raid1/projects/TSP_Data/INSTANCE/TSPLIB/STSP/pr299.tsp,299,2540.62195,0.576300877,1.874363976,0.055938211,0.056125923,0.397002569,0.609907542,1.993311037,0.333314565,6.932902391,0.117504011,0.254979347,-1.844621606,0.075711519,0.012529527,4.327774353,0.004211217,0.00705781,0.349244927,0.971070234,0.885874375,0.888663905,0.180434783,0.04864439,-5.944326908,18.97403508,0.014114588,0.479534422,0.854285714,0.306517636,-0.518472271,0.033715317,0.654066645,-2.355055464,0.012416023,0.002086,0.092805,0.472888,0.875912,0.997914,0.876254181,0.260869565,145.5678812,0.01,0.01,0.16,23.51,0.51,0.44,108.093943,651.208627,591.157047,715.799846,0.050178,0.18219,0.22559,0.233196,160000,0.10461,0.136051,0.010033,0.010033,25484.3
/ubc/cs/research/arrow-raid1/projects/TSP_Data/INSTANCE/TSPLIB/STSP/pr439.tsp,439,4338.295287,0.598779589,2.062924507,0.04840816,0.048518681,1.034862141,0.192849511,1.995444191,0.290968277,14.26688833,0.205381605,0.698788198,2.311985157,0.070651367,0.008556052,-0.471042946,0.003578113,0.004062138,0.290146373,1.069589977,0.541406862,1.432002326,0.199202733,0.021301451,3.735647696,24.71809614,0.008892965,0.475623146,0.886868687,0.284798871,-0.418339708,0.045416898,0.900984294,3.548004267,0.023723294,0.002699,0.147099,0.5,0.75547,0.994852,0.717539863,0.601366743,238.4567766,0.02,0.02,0.38,26.95,1.42,0.6,94.598438,1233.291405,1116.601583,1232.734697,0.021964,0.139227,0.237229,0.252614,160000,0.108111,0.136387,0.009112,0.025057,22988.7
/ubc/cs/research/arrow-raid1/projects/TSP_Data/INSTANCE/TSPLIB/STSP/pr1002.tsp,1002,6435.615541,0.491153043,4.115035679,0.03477009,0.034804826,0.553929903,0.204135502,1.998003992,0.354258206,4.866964141,0.099357612,0.325699077,0.288437816,0.047530888,0.011845355,-2.686033322,0.001266344,0.000295874,2.065205172,0.745608782,0.139884385,-96.84950117,0.208333333,0.01765614,-2.746092406,40.32804606,0.047076271,-3.932596461,0.753383459,0.352930561,-0.94110543,0.027616185,0.665844254,-3.322211161,0.013144323,0.00199,0.224865,0.5,0.714286,0.99801,0.716566866,0.588822355,451.7655797,0.13,0.12,2.11,28.66,2.39,1.24,95.953565,2295.531899,1947.007451,2900.175139,0.004888,0.034587,0.07432,0.081687,160000,0.103166,0.142996,0.001996,0.000998,491040
/ubc/cs/research/arrow-raid1/projects/TSP_Data/INSTANCE/TSPLIB/STSP/pr2392.tsp,2392,6374.927762,0.490277407,3.9511687,0.022448234,0.022457622,0.402163802,0.59855499,1.99916388,0.340747108,5.448320262,0.064122089,0.195056834,-1.440300677,0.029558578,0.006285719,0.657879557,0.001439593,0.000279114,4.080281975,0.375397157,0.041922387,-1.014299215,0.155685619,0.01563534,-26.32139141,59.56316121,0.064779261,2.387190236,0.72353297,0.351005011,-1.170960322,0.020615568,0.913882665,1.689911978,0.017432002,0.003268,0.16,0.5,0.833333,0.994989,0.869147157,0.277173913,1155.638441,0.79,0.64,12.34,24.5,6.68,2.81,101.672318,4771.622458,4989.553772,6769.638047,0.000943,0.008468,0.040337,0.057499,160000,0.103829,0.136736,0.000418,0,0
/ubc/cs/research/arrow-raid1/projects/TSP_Data/INSTANCE/TSPLIB/STSP/rat99.tsp,99,85.02065381,0.550376353,1.738694426,0.13243724,0.133788641,0.24931773,-5.966732384,1.97979798,0.336580051,4.395017006,0.179390403,0.090883765,-0.627344483,0.17336845,0.003857574,0.866025403,0.012397538,0.009114592,1.105793509,0.124242424,0.092747957,1.569642862,0.132323232,0.046167252,-2.296934075,14.24359783,0,0,1,0,0,0.003043792,1.297997581,0.881527889,0.000970686,0.058824,0.235294,0.411765,0.647059,0.941176,0.808080808,0.414141414,49.08837459,0,0,0.02,5.71,0.25,0.21,-512,-512,-512,-512,-512,-512,-512,-512,-512,-512,-512,-512,-512,-512
/ubc/cs/research/arrow-raid1/projects/TSP_Data/INSTANCE/TSPLIB/STSP/rat195.tsp,195,116.5355897,0.548768205,1.828164877,0.095262779,0.095753825,0.183529431,-2.223463229,1.98974359,0.309557434,164.7976138,0.122441902,0.054324831,-0.378537841,0.119635511,0.005548347,1.400029658,0.003090682,0.002588471,1.764555466,1.274358974,1.295697122,0.632516538,0.18,0.035228194,-0.99788708,19.9509867,0.021019242,2.449480548,0.870535714,0.249334254,-0.566842992,0.006220506,0.918637401,1.008663859,0.006864007,0.071429,0.5,0.5,0.714286,0.928571,0.728205128,0.528205128,88.77637953,0,0.01,0.04,10.14,0.4,0.32,-512,-512,-512,-512,-512,-512,-512,-512,-512,-512,-512,-512,-512,-512
/ubc/cs/research/arrow-raid1/projects/TSP_Data/INSTANCE/TSPLIB/STSP/rat575.tsp,575,197.7066946,0.545002196,1.899185606,0.055087547,0.055183518,0.287158,-3.005084096,1.996521739,0.348264332,6.255282807,0.080283105,0.062154587,-0.789363569,0.07042624,0.001345416,-2.408720842,0.001561511,0.001644204,0.307067592,1.015217391,0.364652928,9.028032799,0.216434783,0.027893803,14.46823902,34.30409887,0.036970988,0.98442058,0.74385511,0.327528105,-1.138579652,0.007269318,0.828857531,2.06246202,0.009157005,0.025,0.25,0.5,0.75,0.975,0.815652174,0.377391304,282.6361341,0.04,0.04,1.6,15.61,0.93,0.75,-512,-512,-512,-512,-512,-512,-512,-512,-512,-512,-512,-512,-512,-512
/ubc/cs/research/arrow-raid1/projects/TSP_Data/INSTANCE/TSPLIB/STSP/rat783.tsp,783,229.231353,0.54335474,1.911698034,0.045425012,0.045483101,0.362735181,-3.291237263,1.997445722,0.346924607,8.437190753,0.070669266,0.059124247,-6.153490987,0.058385192,0.009502441,1.595833172,0.001062458,0.000671417,0.580502496,0.89348659,0.293660492,-1.068883964,0.192145594,0.016442268,-26.47488553,38.43954975,0.03110719,0.394115791,0.786934673,0.339945533,-0.781627991,0.011635571,0.890066145,2.928228787,0.006410184,0.008333,0.1,0.441667,0.883333,0.991667,0.853128991,0.318007663,451.4826294,0.08,0.07,4.56,16.53,1.93,1,-512,-512,-512,-512,-512,-512,-512,-512,-512,-512,-512,-512,-512,-512
/ubc/cs/research/arrow-raid1/projects/TSP_Data/INSTANCE/TSPLIB/STSP/rd100.tsp,100,555.6617666,0.472984561,15.26103367,0.12531498,0.126580788,0.494518115,2.367245741,1.98,0.364056996,33.48933742,0.226266903,0.180181497,-1.674266218,0.163264787,0,0,0.047265607,0.08991334,0.418929985,0.033,0.036891733,0.423624323,0.089,0.064101482,1.97404585,14.2352785,4.05E-07,-1.20E-08,1,0,0,0.02897598,1.141756737,2.415577869,0,0,0,0,0,0,1,0,45.62141298,0.01,0,0.02,12.01,0.16,0.22,109.363798,201.18534,228.812485,168.542671,0.2898,0.4652,0.4919,0.4948,160000,0.101444,0.137298,0.04,0.62,16.25
/ubc/cs/research/arrow-raid1/projects/TSP_Data/INSTANCE/TSPLIB/STSP/rd400.tsp,400,528.8746589,0.473742094,6.304929695,0.064437486,0.064598984,0.460641287,2.769831751,1.995,0.352653933,5.578508315,0.117763966,0.122571637,-1.027847365,0.085105231,3.30E-08,-2.10E-08,0.004730218,0.004782768,0.809376768,0.664375,0.582845324,1.04057064,0.1845,0.033667492,-9.489519305,28.89739515,0.003481345,3.504546676,0.829875519,0.276217758,-0.752441712,0.013913387,0.873209767,5.859397646,0.004231906,0.013889,0.194444,0.5,0.708333,0.986111,0.7475,0.5375,196.6460949,0.03,0.02,0.58,25.37,0.81,0.56,101.18448,767.716646,808.634995,841.466161,0.029856,0.214413,0.448188,0.493081,160000,0.103265,0.13806,0.0025,0,0
/ubc/cs/research/arrow-raid1/projects/TSP_Data/INSTANCE/TSPLIB/STSP/rl1304.tsp,1304,7190.124919,0.510551174,2.21821537,0.02376716,0.0237854,0.695501833,0.420782842,1.998466258,0.225145787,10.59183734,0.079336136,0.404438893,0.301094125,0.032111724,0.001504579,0.612739873,0.001685599,0.000638852,0.552650235,0.561196319,0.167912146,-2.007715102,0.089187117,0.007335955,-2.751197486,35.27281555,0.075716706,5.345240999,0.88526816,0.259085182,-0.458142556,0.032826084,0.985314091,1.381937778,0.012154664,0.000598,0.059533,0.41271,0.786595,0.999402,0.861196319,0.31595092,594.3546018,0.22,0.22,8.14,28.86,8.59,1.59,97.604493,2649.183117,2631.827004,3468.226563,0.003095,0.026169,0.109217,0.14453,160000,0.106418,0.142513,0.000767,0,0
/ubc/cs/research/arrow-raid1/projects/TSP_Data/INSTANCE/TSPLIB/STSP/rl1323.tsp,1323,7403.578285,0.503131706,2.96125724,0.024499903,0.024518436,0.727995662,0.250753822,1.998488284,0.227714852,11.09101146,0.080914415,0.24322641,0.21908546,0.033476545,0.000842252,0.903241987,0.001789401,0.000808202,1.840820586,0.516931217,0.170901109,-9.547435412,0.080498866,0.010387204,6.920607451,36.58894923,0.070294406,1.262237419,0.852998066,0.28904739,-0.561327437,0.034598868,1.007651623,1.663537874,0.008801086,0.001965,0.092646,0.390805,0.804598,0.998035,0.820861678,0.404383976,799.205859,0.23,0.21,3.63,26.69,11.94,1.65,96.686947,2765.605396,2860.034951,3684.740738,0.002889,0.024579,0.10943,0.149095,160000,0.103968,0.143652,0.000756,0.002268,0
/ubc/cs/research/arrow-raid1/projects/TSP_Data/INSTANCE/TSPLIB/STSP/rl1889.tsp,1889,7834.800404,0.512138247,2.63353627,0.018801264,0.018811223,0.698546295,0.648758979,1.998941239,0.237567875,4.272153373,0.064085591,0.219598311,0.804522955,0.025613263,0.016119461,2.70424928,0.001178172,0.000242474,8.139922236,0.441821069,0.058824741,-6.875568392,0.098014823,0.010289987,11.47835496,40.58058707,0.077716841,3.841296045,0.820234477,0.317910209,-0.660594761,0.044968041,0.955457774,1.195038351,0.051484121,0.000498,0.125,0.482001,0.8,0.998051,0.794600318,0.443620963,1099.998779,0.48,0.45,13.96,36.52,7.71,2.25,101.072774,3849.150717,3656.255765,5012.110229,0.001508,0.013579,0.084408,0.147754,160000,0.101628,0.132821,0.000529,0,0
/ubc/cs/research/arrow-raid1/projects/TSP_Data/INSTANCE/TSPLIB/STSP/rl5915.tsp,5915,7194.62864,0.50193727,2.608988315,0.012262406,0.012264479,0.646265215,0.753056135,1.999661877,0.210296362,1.887339669,0.038566394,0.198539341,0.314957558,0.015227234,0.006027597,-18.30869405,0.001920498,0.000252249,2.195535367,0.166965342,0.002663674,-0.592544635,0.069966188,0.003550809,-4.294251676,79.2884565,0.157540625,20.80028714,0.803122878,0.333945773,-0.723402475,0.017826946,1.242007243,0.734249464,0.021117658,0.000148,0.050799,0.38253,0.875,0.99996,0.847675402,0.339983094,3233.235371,4.67,4.08,261.6,33.85,180.92,6.87,93.928649,12599.36076,12704.0388,17597.15733,0.000153,0.001412,0.011483,0.034838,160000,0.100035,0.138662,0.000169,0,0
/ubc/cs/research/arrow-raid1/projects/TSP_Data/INSTANCE/TSPLIB/STSP/rl5934.tsp,5934,7111.499925,0.519431099,1.969538976,0.012179114,0.012181167,0.657561278,0.503005787,1.999662959,0.214526334,3.273464012,0.04164643,0.540132967,0.469434147,0.01516779,0.004123636,2.092533992,0.001518177,0.000448035,0.532086204,0.161577351,0.007645256,-0.752322829,0.070331985,0.006298984,20.59779457,78.75718286,0.068725553,5.465855928,0.825657437,0.319207653,-0.636695119,0.023831572,1.110124098,0.990939465,0.025600412,0.000545,0.089041,0.464286,0.82909,0.998938,0.858105831,0.311425683,2847.099292,4.67,4.13,361.43,34.61,50.42,6.94,94.371075,12494.52888,11376.20812,16601.416,0.000156,0.001479,0.012567,0.048291,160000,0.104765,0.144334,0.000169,0,0
/ubc/cs/research/arrow-raid1/projects/TSP_Data/INSTANCE/TSPLIB/STSP/st70.tsp,70,52.27119149,0.46625196,8.098297833,0.154744332,0.156987003,0.427408115,2.036426305,1.971428571,0.373452137,3.851020281,0.259822453,0.181374819,-1.229586033,0.226155713,0.03081571,19910533204,0.022796971,0.025093805,0.421466308,0.198571429,0.185653836,0.35801243,0.307142857,0.02453652,-6.755721855,12.91342288,0,0,0.897435897,0.218370632,-0.513616617,0.021388889,0.894709043,153.8735075,0.00037037,0.25,0.5,0.5,0.5,0.75,0.771428571,0.471428571,34.16764993,0,0,0,12.65,0.11,0.18,-512,-512,-512,-512,-512,-512,-512,-512,-512,-512,-512,-512,-512,-512
/ubc/cs/research/arrow-raid1/projects/TSP_Data/INSTANCE/TSPLIB/STSP/ts225.tsp,225,7080.014652,0.469174538,5.968714396,0.07030745,0.070621323,0,0,1.991111111,0.299440113,0.880920478,0.070621323,0,0,0.095379056,0.037763884,-9.526599654,0.002395551,0.002174258,0.667805425,0.929555556,0.649880939,0.838317923,0.175111111,0.015163309,8.507434677,17.88739236,2.34E-07,-1.40E-08,0.714285714,0.316231351,-1.969963703,0.029201688,0.918265564,0.993256678,0.0119833,0.000131,0.124269,0.249986,0.841186,0.999993,0.453333333,1.248888889,103.2521185,0,0.01,0.12,13.37,3.28,0.36,111.589936,450,450,407.772958,0.005393,0.005393,0.005393,0.005393,160000,0.115091,0.150196,0.004444,0,0
/ubc/cs/research/arrow-raid1/projects/TSP_Data/INSTANCE/TSPLIB/STSP/tsp225.tsp,225,183.560506,0.518708687,1.937240033,0.085123618,0.085503634,0.340793223,6.885541775,1.991111111,0.310468525,4.323776599,0.134008965,0.160470685,-2.082995515,0.115460566,0.008254489,3.740144362,0.008394886,0.00400452,2.641188769,0.305333333,0.153979957,0.873446738,0.198444444,0.068799584,-2.278230709,21.33356508,0,0,1,0,0,0.014111476,0.910643414,1.149951894,0.014206269,0.1,0.2,0.5,0.7,0.9,0.804444444,0.404444444,110.5209707,0,0.01,0.12,15.79,0.44,0.37,116.627013,340.157614,237.605442,157.11718,0.195767,0.314311,0.331192,0.33264,160000,0.113963,0.151875,0.02381,0.079365,906.333
/ubc/cs/research/arrow-raid1/projects/TSP_Data/INSTANCE/TSPLIB/STSP/u159.tsp,159,2827.621735,0.522519329,5.786446592,0.082640637,0.083163679,0.516731462,1.030666668,1.987421384,0.338533649,3.808115501,0.162948935,0.242158883,-1.609057453,0.112626484,0.024704779,3.969809363,0.020033912,0.021219776,1.01128046,0.124842767,0.102561532,0.901341967,0.152201258,0.048497051,-0.736798482,14.88176423,2.13E-07,-4.00E-09,0.969512195,0.120784049,-0.245625265,0.00991128,0.983361334,2.122678452,0,0,0,0,0,0,1,0,78.98231018,0,0,0.05,12.15,0.38,0.29,116.878062,320.615385,280.977778,193.433924,0.060994,0.077489,0.078161,0.078241,160000,0.111789,0.146286,0.031447,0.150943,737.3
/ubc/cs/research/arrow-raid1/projects/TSP_Data/INSTANCE/TSPLIB/STSP/u574.tsp,574,1185.910898,0.530495853,2.048759057,0.047166491,0.047248806,0.548156735,0.540171096,1.996515679,0.334491742,6.928083247,0.103144637,0.263324277,0.543374967,0.065539382,0.014442282,-1.805713952,0.001975073,0.001053112,1.566544057,0.846167247,0.427286643,1.64761621,0.216289199,0.025018507,-4.61117776,31.15626146,0.018248705,-3.454347439,0.80055788,0.298309455,-0.847517028,0.028107503,0.878648407,9.586426912,0.006455193,0.166667,0.333333,0.333333,0.666667,0.833333,0.881533101,0.240418118,272.2126575,0.04,0.04,1.23,30.54,1.21,0.76,92.120693,1184.994762,1148.115756,1474.24262,0.014159,0.101328,0.299755,0.37553,160000,0.102353,0.143482,0.003484,0.006969,155682
/ubc/cs/research/arrow-raid1/projects/TSP_Data/INSTANCE/TSPLIB/STSP/u724.tsp,724,1205.193888,0.523483096,2.259518652,0.043520895,0.04358109,0.463196555,7.057734918,1.997237569,0.34210214,4.732228808,0.076353871,0.125647802,1.164181352,0.056642613,0.010459114,-2.263457879,0.001223801,0.000588993,0.836702668,0.800828729,0.383926872,-7.285375762,0.181353591,0.024066862,-2.117973975,34.80610083,0.015791061,-4.63714394,0.759706191,0.327672189,-0.990789624,0.011043975,1.069563558,1.721100673,0.004172477,0.004098,0.190476,0.428571,0.741998,0.995902,0.773480663,0.465469613,341.940246,0.07,0.06,3.17,22.11,2.01,0.92,101.319565,1562.862678,1485.892691,1974.166198,0.009436,0.068229,0.195343,0.247772,160000,0.10847,0.144032,0.001381,0,0
/ubc/cs/research/arrow-raid1/projects/TSP_Data/INSTANCE/TSPLIB/STSP/u1060.tsp,1060,6376.104485,0.568877409,2.016805857,0.028918677,0.028945984,0.670921234,0.196515849,1.998113208,0.349180707,3.714498029,0.090825202,0.493236009,1.142138368,0.039059056,0.004077947,51.31528801,0.000888427,0.000314764,0.637333184,0.769622642,0.143076729,-2.9683526,0.216273585,0.02124606,4.302754473,35.19746273,0.031723696,3.919076948,0.694626474,0.341840805,-1.611376598,0.025768186,0.876027577,2.86195644,0.013745876,0.008117,0.285714,0.5,0.666667,0.991883,0.858490566,0.299056604,583.2663814,0.15,0.13,5.94,41.68,3.12,1.31,92.510016,2130.592322,2016.999928,2744.79241,0.003945,0.016093,0.04256,0.149526,160000,0.122857,0.172483,0.003774,0.000943,170984
/ubc/cs/research/arrow-raid1/projects/TSP_Data/INSTANCE/TSPLIB/STSP/u1432.tsp,1432,2755.542929,0.4846633,6.75746237,0.036994652,0.037020505,0.139186782,0.13402266,1.998603352,0.37163333,2.857963118,0.060287518,0.283130054,-1.553051762,0.045973207,0.014566204,-12.65590203,0.001666136,0.000569069,0.547682907,0.516585196,0.142319374,-2.046476865,0.318645251,0.010616133,-8.743595787,55.66977324,0.066328101,1.598962049,0.584728461,0.317949384,-6.016417043,0.006438969,1.056190043,1.555942439,0.012599155,0.009434,0.333333,0.5,0.666667,0.990566,0.861731844,0.275139665,648.4963523,0.27,0.23,7.48,29.94,3.69,1.74,103.219946,2753.886792,2947.428571,3835.858687,0.000962,0.001223,0.001256,0.001256,160000,0.104331,0.135455,0.000698,0,0
/ubc/cs/research/arrow-raid1/projects/TSP_Data/INSTANCE/TSPLIB/STSP/u1817.tsp,1817,1166.105371,0.521104313,2.390164043,0.025913262,0.025927532,0.461783829,0.245934872,1.998899285,0.305143599,2.639184684,0.066055482,0.13434097,0.252121555,0.031485523,0.013068752,-2.840638176,0.001633472,0.000370781,264.5226688,0.52512383,0.021616014,-1.480114689,0.152173913,0.011535871,-4.882212669,49.37199627,0.110111746,1.240544339,0.71875,0.347118137,-1.223573275,0.017508451,0.960725239,1.809999677,0.016628255,0.003117,0.2,0.4,0.733333,0.996883,0.82773803,0.36653825,803.1400998,0.44,0.38,9.71,16.34,11.19,2.15,100.080138,3756.249397,3540.859535,4974.724478,0.001442,0.006334,0.020297,0.028709,160000,0.106447,0.14333,0.00055,0.00055,0
/ubc/cs/research/arrow-raid1/projects/TSP_Data/INSTANCE/TSPLIB/STSP/u2152.tsp,2152,1176.776621,0.520664595,2.41024944,0.02457715,0.024588576,0.373373215,0.306432042,1.999070632,0.283253111,4.344863659,0.063359798,0.091721752,-0.26789406,0.030005292,0.012684088,-6.791273925,0.001479478,0.000294909,1.251467248,0.433596654,0.024476059,-1.588571567,0.169144981,0.012588564,4.448721913,54.92138342,0.070709881,-3.09918666,0.700977199,0.344721513,-1.409896415,0.020635706,0.835149089,2.442387274,0.025668927,0.028316,0.226528,0.5,0.728723,0.971684,0.847118959,0.319237918,783.0830993,0.62,0.52,11.36,16.14,5.06,2.55,101.118614,4272.472272,4246.176939,5952.797528,0.00101,0.004277,0.01468,0.021145,160000,0.106818,0.143157,0.000465,0,0
/ubc/cs/research/arrow-raid1/projects/TSP_Data/INSTANCE/TSPLIB/STSP/u2319.tsp,2319,2586.622376,0.477880494,4.778532323,0.038710469,0.038727169,0.041433294,0.041648531,1.999137559,0.434039098,2.565562488,0.038793739,0.058412995,0.059021331,0.044238631,0.00712253,-4.393490626,0.000646837,0.000331378,0.810849932,0.281651574,0.094541389,38.12380612,0.459767141,0.007176419,1.127821815,90.70891143,0.025112369,-9.602972548,0.506110869,0.217229739,22.98356142,0.003387075,0,0,0.003387075,0.035714,0.357143,0.5,0.642857,0.973684,0.91418715,0.174213023,1039.360737,0.72,0.59,53.42,83.95,3.63,2.75,96.357088,4630.037736,4672,6486.733044,0.000367,0.000467,0.00048,0.00048,160000,0.10416,0.139078,0.000431,0,0
/ubc/cs/research/arrow-raid1/projects/TSP_Data/INSTANCE/TSPLIB/STSP/ulysses16.tsp,16,8.932564657,0.730385477,0.734624934,0.335633141,0.358008683,1.091441022,0.383824093,1.875,0.319722102,18.38402084,0.579044482,0.76081822,0.519560615,52.90333943,0,0,0.356933698,0.490287696,0.510078897,0.1375,0.08291562,0.853400531,0.2,0.078062475,1.176593826,767.8645791,0,0,1,0,0,0.095349176,0,0,0,0,0,0,0,0,1,0,6.951062233,0,0,0,26.17,0.07,0.12,-512,-512,-512,-512,-512,-512,-512,-512,-512,-512,-512,-512,-512,-512
/ubc/cs/research/arrow-raid1/projects/TSP_Data/INSTANCE/TSPLIB/STSP/ulysses22.tsp,22,8.269793175,0.741535613,0.682711077,0.271342752,0.284263835,1.327596196,0.304797436,1.909090909,0.349927106,9.448031865,0.539573578,0.807280884,0.441952017,41.8774901,3.00E-08,-2.20E-08,1.635844446,1.851325386,2.242747836,0.093181818,0.069643425,0.521435928,0.190909091,0.12077573,1.0332059,848.0260451,0,0,1,0,0,0.086173297,0.650616385,-1.43086222,0,0,0,0,0,0,1,0,10.1151587,0,0,0,61.23,0.09,0.13,-512,-512,-512,-512,-512,-512,-512,-512,-512,-512,-512,-512,-512,-512
/ubc/cs/research/arrow-raid1/projects/TSP_Data/INSTANCE/TSPLIB/STSP/vm1084.tsp,1084,7907.789621,0.524715523,2.609248036,0.02440911,0.024431648,0.753429926,0.930108995,1.998154982,0.293961089,7.305526232,0.066026771,0.247423086,-1.037294379,0.034161403,0.002060546,-1.359998609,0.001174735,0.000563543,0.820842549,0.600461255,0.197022552,-788.449474,0.150645756,0.018413478,-1.263340983,30.27902378,0.010754121,1.402675006,0.831926324,0.291773713,-0.66879782,0.025084882,0.854804479,3.968613036,0.009068356,0.001255,0.121673,0.410256,0.794872,0.994342,0.739852399,0.57195572,608.8252046,0.16,0.14,7.51,34.22,4.74,1.34,125.262743,1966.064426,2068.311475,2611.838906,0.004689,0.040189,0.141895,0.176125,160000,0.109479,0.134668,0.000923,0,0
/ubc/cs/research/arrow-raid1/projects/TSP_Data/INSTANCE/TSPLIB/STSP/vm1748.tsp,1748,8548.224876,0.495444613,4.59430394,0.019716579,0.019727865,0.801097381,0.878583167,1.998855835,0.290158723,8.11622817,0.056718711,0.204292264,-0.704180022,0.026556797,0.002441351,0.475223187,0.000865035,0.000354773,0.739280096,0.464530892,0.088980054,-1.088537669,0.120709382,0.013727593,-4.476672053,39.43680763,0.020082778,10.23860017,0.812267658,0.321861551,-0.689245711,0.01653414,0.816011275,1.577645849,0.009555773,0.003663,0.159091,0.414585,0.75,0.992674,0.792334096,0.456521739,889.4171304,0.41,0.38,23.58,40.44,7.29,2.09,118.429594,3383.190481,3049.502058,4277.365442,0.001806,0.01645,0.086434,0.130379,160000,0.108882,0.135506,0.000572,0,0
